Age,Conc_tricaine,Recovery,Not_SM_or_TR,Length
21,0.014,1,1,7
21,0.014,1,1,7
21,0.015,1,1,7
21,0.015,1,1,7
21,0.015,1,1,7
21,0.014,1,1,4.5
21,0.014,1,1,6
21,0.014,1,1,4.5
21,0.014,1,1,5
21,0.014,1,1,6
21,0.015,1,1,7
21,0.014,1,1,4
21,0.014,1,1,4
21,0.016,1,1,7
21,0.014,1,1,6
21,0.014,0,1,8
21,0.014,1,1,4
21,0.014,1,1,6
21,0.014,1,1,4.5
21,0.014,0,1,7.5
21,0.014,0,1,7.5
21,0.014,1,1,5
21,0.014,1,1,4.5
21,0.014,0,1,7.5
21,0.014,1,1,5
21,0.014,1,1,5
21,0.014,1,1,5
21,0.014,1,1,6
21,0.014,1,1,5
21,0.014,1,1,6
21,0.014,1,1,4.5
21,0.014,1,1,6
21,0.014,1,1,6.5
21,0.014,1,1,6.5
21,0.014,1,1,6
21,0.015,1,1,6.5
21,0.015,1,1,6.5
21,0.015,1,1,6
21,0.015,1,1,6.5
21,0.015,1,1,6
21,0.015,1,1,6.5
21,0.015,1,1,6
21,0.015,1,1,6
21,0.015,1,1,6
21,0.015,1,1,5
21,0.015,1,1,6
21,0.015,1,1,6.5
21,0.015,1,1,6.5
21,0.015,1,1,4
21,0.015,1,1,6.5
21,0.015,1,1,6.5
21,0.015,1,1,5.5
21,0.015,1,1,6
21,0.015,1,1,6
21,0.015,1,1,6
21,0.015,1,1,5
21,0.015,1,1,6
21,0.015,1,1,6
21,0.015,1,1,6
21,0.015,1,1,6
21,0.015,1,1,6
21,0.015,1,1,6
21,0.015,1,1,6
21,0.015,1,1,6.5
21,0.015,1,1,6.5
21,0.015,1,1,6
21,0.016,1,1,6
21,0.016,1,1,6.5
21,0.016,1,1,6.5
21,0.016,1,1,5
21,0.016,1,1,6
21,0.016,1,1,6
21,0.016,1,1,6
21,0.016,1,1,6
21,0.016,1,1,5.5
21,0.016,1,1,5.5
21,0.016,1,1,5
21,0.016,1,1,5.5
21,0.016,1,1,6
21,0.016,1,1,6
21,0.016,1,1,6.5
21,0.016,1,1,6
21,0.016,1,1,6
21,0.016,1,1,6
21,0.016,1,1,5.5
21,0.016,1,1,6.5
21,0.016,1,1,6
21,0.016,1,1,6
21,0.016,1,1,6
21,0.016,1,1,5.5
21,0.016,1,1,6
21,0.016,1,1,5.5
21,0.016,1,1,6
21,0.016,1,1,6
21,0.016,1,1,6
21,0.016,1,1,6.5
21,0.016,1,1,5.5
21,0.016,1,1,4.5
21,0.014,0,1,7
21,0.014,0,1,7
21,0.014,0,1,7
21,0.014,0,1,7
21,0.014,0,1,7
21,0.016,0,1,7
24,0.013,0,1,6
24,0.013,1,1,7
24,0.012,1,1,7
24,0.012,1,1,7
24,0.012,1,1,7
24,0.013,1,1,7.5
24,0.013,1,1,4.5
24,0.013,1,1,6
24,0.013,1,1,6.5
24,0.013,1,1,3.5
24,0.013,1,1,6
24,0.013,1,1,7.5
24,0.011,1,1,7
24,0.013,1,1,9
24,0.013,1,1,5.5
24,0.013,1,1,6
24,0.013,1,1,5.5
24,0.013,1,1,5.5
24,0.013,1,1,5.5
24,0.013,1,1,6
24,0.013,1,1,5.5
24,0.013,1,1,5
24,0.013,1,1,5.5
24,0.013,1,1,6
24,0.013,1,1,6
24,0.013,1,1,5.5
24,0.013,1,1,5.5
24,0.013,1,1,6
24,0.013,1,1,4
24,0.013,1,1,6
24,0.013,1,1,5
24,0.013,1,1,6.5
24,0.013,1,1,6
24,0.013,1,1,6.5
24,0.013,1,1,6
24,0.013,1,1,5
24,0.013,1,1,6
24,0.013,1,1,7.5
24,0.012,1,1,6.5
24,0.012,1,1,5.5
24,0.012,1,1,6
24,0.012,1,1,5.5
24,0.012,1,1,5
24,0.012,1,1,8
24,0.012,1,1,6.5
24,0.012,1,1,6
24,0.012,1,1,4.5
24,0.012,1,1,4.5
24,0.011,1,1,7
24,0.012,1,1,4.5
24,0.012,1,1,6
24,0.012,1,1,6
24,0.012,1,1,6
24,0.012,1,1,5
24,0.012,1,1,4
24,0.012,1,1,6
24,0.012,1,1,6
24,0.012,1,1,6
24,0.012,1,1,6
24,0.012,1,1,6.5
24,0.011,1,1,7
24,0.012,1,1,6.5
24,0.012,1,1,6.5
24,0.012,1,1,5
24,0.012,1,1,4.5
24,0.012,1,1,6
24,0.012,1,1,6.5
24,0.012,1,1,6
24,0.012,1,1,4.5
24,0.012,1,1,6
24,0.012,1,1,5.5
24,0.012,1,1,6
24,0.012,1,1,6.5
24,0.012,1,1,5.5
24,0.011,1,1,5
24,0.011,1,1,6.5
24,0.011,1,1,7.5
24,0.011,1,1,7.5
24,0.011,1,1,7.5
24,0.011,1,1,6
24,0.011,1,1,6
24,0.011,1,1,4
24,0.011,1,1,5.5
24,0.011,1,1,9
24,0.011,1,1,6
24,0.011,1,1,6.5
24,0.011,1,1,6
24,0.011,1,1,4.5
24,0.011,1,1,6.5
24,0.011,1,1,5.5
24,0.011,1,1,6.5
24,0.011,1,1,6.5
24,0.011,1,1,6.5
24,0.011,1,1,5
24,0.011,1,1,6.5
24,0.011,1,1,6
24,0.011,1,1,5
24,0.011,1,1,8
24,0.011,1,1,5
24,0.011,1,1,6
24,0.011,1,1,4.5
24,0.011,1,1,5.5
24,0.011,1,1,6
25,0.011,1,1,7
25,0.011,1,1,7
25,0.011,1,1,7
25,0.011,0,1,7.5
25,0.011,0,1,8
25,0.011,0,1,8
25,0.012,1,1,7
25,0.012,0,1,7.3
25,0.012,0,1,7.5
25,0.013,0,1,8
25,0.011,1,1,4.5
25,0.011,1,1,5
25,0.011,1,1,5
25,0.011,1,1,5
25,0.011,1,1,5.5
25,0.011,1,1,5.5
25,0.011,1,1,5.5
25,0.011,1,1,5.5
25,0.011,1,1,5.5
25,0.011,1,1,5.5
25,0.011,1,1,5.5
25,0.011,1,1,6
25,0.011,1,1,6
25,0.011,1,1,6
25,0.011,1,1,6
25,0.011,1,1,6
25,0.011,1,1,6
25,0.011,1,1,6
25,0.011,1,1,6
25,0.011,1,1,6
25,0.011,1,1,6
25,0.011,1,1,6.5
25,0.011,1,1,6.5
25,0.011,1,1,6.5
25,0.011,1,1,6.5
25,0.012,1,1,7
25,0.012,1,1,7
25,0.012,1,1,7
25,0.012,1,1,5
25,0.012,1,1,5.5
25,0.012,1,1,5.5
25,0.012,1,1,5.5
25,0.012,1,1,5.5
25,0.012,1,1,6
25,0.012,1,1,6
25,0.012,1,1,6
25,0.012,1,1,6
25,0.012,1,1,6
25,0.012,1,1,6
25,0.012,1,1,6
25,0.012,1,1,6
25,0.012,1,1,6
25,0.012,1,1,6
25,0.012,1,1,6
25,0.012,1,1,6
25,0.012,1,1,6.5
25,0.012,1,1,6.5
25,0.012,1,1,6.5
25,0.012,1,1,6.5
25,0.012,1,1,6.5
25,0.012,1,1,6.5
25,0.012,1,1,6.5
25,0.012,1,1,6.5
25,0.012,1,1,6.5
25,0.012,1,1,7
25,0.012,1,1,7
25,0.012,1,1,7
25,0.012,1,1,7
25,0.013,1,1,7
25,0.013,1,1,7
25,0.013,1,1,7
25,0.013,1,1,7
25,0.012,1,1,7.5
25,0.012,1,1,7.5
25,0.012,1,1,8
25,0.013,1,1,4
25,0.013,1,1,4.5
25,0.013,1,1,4.5
25,0.013,1,1,4.5
25,0.013,1,1,5
25,0.013,1,1,5
25,0.013,1,1,5.5
25,0.013,1,1,5.5
25,0.013,1,1,5.5
25,0.013,1,1,5.5
25,0.013,1,1,5.5
25,0.013,1,1,5.5
25,0.013,1,1,5.5
25,0.013,1,1,6
25,0.013,1,1,6
25,0.013,1,1,6
25,0.013,1,1,6
25,0.013,1,1,6
25,0.013,1,1,6
25,0.013,1,1,6
25,0.013,1,1,6
25,0.013,1,1,6
25,0.013,1,1,6.5
25,0.013,1,1,6.5
25,0.013,1,1,6.5
25,0.013,1,1,6.5
25,0.013,1,1,6.5
25,0.013,1,1,7
25,0.013,1,1,7
25,0.013,1,1,7.5
25,0.013,1,1,7.5
25,0.013,1,1,7.5
25,0.013,1,1,8
25,0.013,1,1,8
25,0.013,1,1,8.5
25,0.011,0,1,7
25,0.011,0,1,7
25,0.011,0,1,7
25,0.012,0,1,7
27,0.008,1,1,7
27,0.008,1,1,7
27,0.008,1,1,7
27,0.008,1,1,7
27,0.008,1,1,7
27,0.008,1,1,7
27,0.008,1,1,7
27,0.01,1,1,7
27,0.01,1,1,7
27,0.01,1,1,7
27,0.01,1,1,0
27,0.008,1,1,7.5
27,0.008,1,1,6
27,0.008,1,1,9
27,0.008,1,1,7.5
27,0.01,1,1,7
27,0.008,0,1,10
27,0.008,1,1,6
27,0.008,1,1,8
27,0.008,1,1,8
27,0.008,1,1,8
27,0.008,1,1,6.5
27,0.008,1,1,8
27,0.008,1,1,8
27,0.008,1,1,10
27,0.008,1,1,8.5
27,0.008,1,1,10
27,0.008,1,1,7.5
27,0.008,1,1,6
27,0.008,1,1,6
27,0.008,1,1,6
27,0.008,1,1,6
27,0.008,1,1,7.5
27,0.008,1,1,8.5
27,0.008,1,1,5.5
27,0.008,1,1,7.5
27,0.008,1,1,8
27,0.008,1,1,6
27,0.008,1,1,8
27,0.01,1,1,6.5
27,0.01,1,1,6.5
27,0.01,1,1,7.5
27,0.01,0,1,9
27,0.01,0,1,9
27,0.01,0,1,11
27,0.01,0,1,9
27,0.01,0,1,10
27,0.01,0,1,11
27,0.01,1,1,6
27,0.01,1,1,7.5
27,0.01,1,1,8
27,0.01,0,1,9
27,0.01,1,1,9
27,0.01,1,1,8.5
27,0.01,1,1,6
27,0.01,1,1,8.5
27,0.01,1,1,8
27,0.01,1,1,8
27,0.01,1,1,8
27,0.01,1,1,8
27,0.01,1,1,7.5
27,0.01,1,1,6.5
27,0.01,1,1,5.5
29,0.008,1,1,7.5
29,0.008,1,1,7
29,0.008,1,1,8
29,0.008,1,1,4
29,0.008,1,1,6.5
29,0.008,1,1,5
29,0.008,1,1,6.5
29,0.008,1,1,6
29,0.008,1,1,5.5
29,0.008,1,1,5.5
29,0.008,1,1,8
29,0.008,1,1,8
29,0.008,1,1,7
29,0.008,1,1,6.5
29,0.008,1,1,9
29,0.008,1,1,9.5
29,0.008,1,1,7.5
29,0.008,1,1,5.5
29,0.008,1,1,5
29,0.008,1,1,8.5
29,0.008,1,1,7.5
29,0.008,1,1,6
29,0.008,1,1,8
29,0.008,0,1,10
29,0.008,1,1,7.5
29,0.008,1,1,9.5
29,0.008,1,1,7.5
29,0.008,1,1,7
29,0.008,1,1,8.5
29,0.008,1,1,6.5
29,0.008,1,1,6
29,0.008,1,1,7.5
29,0.008,1,1,7
29,0.008,1,1,5.5
29,0.008,1,1,6
29,0.008,1,1,8
29,0.008,1,1,7
29,0.008,1,1,6.5
29,0.008,1,1,6
31,0.008,1,1,11
31,0.008,1,1,11
31,0.008,1,1,12.5
31,0.008,1,1,8.5
31,0.008,1,1,11
31,0.008,1,1,12
31,0.008,1,1,6.5
31,0.008,1,1,10
31,0.008,1,1,12
31,0.008,1,1,5
31,0.008,1,1,11
31,0.008,1,1,7
31,0.008,1,1,12
31,0.008,1,1,6
31,0.008,1,1,11
31,0.008,0,1,6
31,0.008,1,1,10
31,0.008,1,1,8
31,0.008,1,1,10
31,0.008,1,1,11
31,0.008,1,1,10
31,0.008,1,1,9
31,0.008,1,1,4
31,0.008,1,1,5
31,0.008,1,1,6
31,0.008,1,1,12
31,0.008,1,1,11
31,0.008,1,1,11
31,0.008,1,1,9
31,0.008,1,1,7.5
31,0.008,1,1,10
31,0.008,1,1,9.5
31,0.008,1,1,11
31,0.008,1,1,12
31,0.008,1,1,11
31,0.008,1,1,8
31,0.008,1,1,9
31,0.008,1,1,7
31,0.008,1,1,7
31,0.008,1,1,5.5
31,0.008,1,1,6
31,0.008,1,1,10
31,0.008,1,1,6
31,0.008,1,1,10
31,0.008,1,1,8.5
31,0.008,1,1,9.5
35,0.009,0,1,10
35,0.009,0,1,10.5
35,0.009,0,1,10
35,0.009,0,1,9.5
35,0.009,0,1,11
35,0.009,0,1,10
35,0.009,0,1,13
35,0.009,1,1,6
35,0.009,0,1,11.5
35,0.009,0,1,11
35,0.009,0,1,11
35,0.009,1,1,10
35,0.009,0,1,15
35,0.009,0,1,9
35,0.009,0,1,11
35,0.009,0,1,10
35,0.009,0,1,9
35,0.009,0,1,9.5
35,0.009,0,1,13
35,0.009,0,1,13
35,0.009,0,1,10.5
35,0.009,0,1,11.5
35,0.009,0,1,13
35,0.009,0,1,13
35,0.009,0,1,12
35,0.009,0,1,12
35,0.009,0,1,14
35,0.009,0,1,10
35,0.009,0,1,10
35,0.009,0,1,11.5
35,0.009,0,1,12
35,0.009,0,1,12
35,0.009,0,1,12
35,0.009,0,1,10
35,0.009,0,1,9.5
35,0.009,0,1,8.5
35,0.008,1,1,10
35,0.008,0,1,13
35,0.008,0,1,11
35,0.008,0,1,11
35,0.008,1,1,11.5
35,0.008,1,1,14
35,0.008,1,1,12.5
35,0.008,1,1,10
35,0.008,1,1,13.5
35,0.008,1,1,7
35,0.008,1,1,11.5
35,0.008,1,1,10
35,0.008,1,1,10.5
35,0.008,1,0,12
35,0.008,1,1,9.5
35,0.008,1,1,7
35,0.008,0,1,12
35,0.008,1,1,11
35,0.008,1,1,9.5
35,0.008,1,1,11
35,0.008,1,1,13
35,0.008,1,1,11
35,0.008,1,1,10.5
35,0.008,0,1,9
35,0.008,1,1,10.5
35,0.008,1,1,7
35,0.008,1,1,9
35,0.008,1,1,10
35,0.008,1,1,9.5
35,0.008,0,1,12
35,0.008,0,1,11
35,0.008,0,1,10
42,0.008,1,1,14.5
42,0.008,1,1,11.5
42,0.008,1,1,12
42,0.008,1,1,14
42,0.008,1,1,13.5
42,0.008,1,1,11.5
42,0.008,1,1,10.5
42,0.008,1,1,15.5
42,0.008,1,1,16
42,0.008,0,1,11
42,0.008,1,1,14
42,0.008,1,1,14.5
42,0.008,1,1,14.5
42,0.008,0,1,15
42,0.008,1,1,12.5
42,0.008,1,1,15.5
42,0.008,1,1,13
42,0.008,1,1,16.5
42,0.008,1,1,13.5
42,0.008,1,1,16
42,0.008,1,1,16.5
42,0.008,1,1,17.5
42,0.008,1,1,14
42,0.008,1,1,12.5
42,0.008,1,1,13
42,0.008,1,1,18
42,0.008,0,1,11
42,0.008,1,1,12
42,0.008,1,1,13
42,0.008,1,1,14
42,0.008,1,1,11.5
42,0.008,1,1,12.5
42,0.008,1,1,14
42,0.008,1,1,16
42,0.008,1,1,14.5
42,0.008,1,1,13.5
42,0.008,1,1,15
42,0.009,1,1,12
42,0.009,0,1,15
42,0.009,1,1,10
42,0.009,0,1,13
42,0.009,0,1,15
42,0.009,0,1,11
42,0.009,1,1,12.5
42,0.009,0,1,13
42,0.009,1,1,12
42,0.009,1,1,14
42,0.009,0,1,11
42,0.009,1,1,17
42,0.009,0,1,13
42,0.009,1,1,16
42,0.009,1,1,12
42,0.009,0,1,15
42,0.009,1,1,14.5
42,0.009,0,1,11
42,0.009,0,1,15
42,0.009,0,1,12
42,0.009,1,1,14
42,0.009,0,1,14
42,0.009,0,1,11
42,0.009,0,1,16
42,0.009,1,1,15.5
42,0.009,1,1,12
42,0.009,1,1,10
42,0.009,1,1,16
42,0.009,1,1,17
42,0.009,1,1,12
40,0.008,1,1,11.5
40,0.008,1,1,13.5
40,0.008,1,1,13
40,0.008,1,1,11
40,0.008,1,1,11
40,0.008,1,1,13
40,0.008,0,1,11
40,0.008,1,1,8
40,0.008,0,1,11
40,0.008,1,1,16
40,0.008,1,1,12
40,0.008,1,1,15.5
40,0.008,1,1,12
40,0.008,1,1,14
40,0.008,1,1,15
40,0.008,1,1,16
40,0.008,1,1,15.5
40,0.008,1,1,12
40,0.008,1,1,14
40,0.008,1,1,15
40,0.008,1,1,16
40,0.008,1,1,15.5
40,0.008,1,1,16
40,0.008,1,1,11
40,0.008,1,1,14
40,0.008,1,1,14
40,0.008,1,1,14
40,0.008,0,1,10
40,0.008,1,1,14
40,0.008,1,1,12
40,0.008,1,1,15
40,0.008,1,1,15.5
40,0.008,1,1,11
40,0.008,1,1,13.5
40,0.008,1,1,12
40,0.008,1,1,16.5
40,0.008,1,1,15.5
40,0.008,1,1,9
40,0.008,1,1,12
40,0.008,1,1,11
40,0.008,1,1,12.5
40,0.008,1,1,17
40,0.008,1,1,12
40,0.008,1,1,10.5
40,0.009,1,1,11
40,0.009,0,1,13
40,0.009,1,1,14.5
40,0.009,1,1,9.5
40,0.009,1,1,15
40,0.009,1,1,18.5
40,0.009,1,1,11
40,0.009,0,1,13.5
40,0.009,1,1,14
40,0.009,1,1,14
40,0.009,1,1,11
40,0.009,1,1,9
40,0.009,1,1,14.5
40,0.009,0,1,13
40,0.009,0,1,14
40,0.009,0,1,12
40,0.009,0,1,10
40,0.009,1,1,11
40,0.009,1,1,11
40,0.009,0,1,11
40,0.009,1,1,8
40,0.009,0,1,10
40,0.009,0,1,11
40,0.009,1,1,11.5
40,0.009,1,1,9
40,0.009,1,1,12.5
40,0.009,1,1,15
40,0.009,1,1,9
40,0.009,1,1,13.5
40,0.009,1,1,14
40,0.009,1,1,9
40,0.009,1,1,11.5
40,0.009,1,1,9
40,0.009,1,1,9.5
40,0.009,0,1,12
40,0.009,1,1,15.5
40,0.009,1,1,14
40,0.009,1,1,8
40,0.009,1,1,11.5
40,0.009,0,1,13.5
46,0.008,1,1,15
46,0.008,1,1,11
46,0.008,1,1,17
46,0.008,1,1,18.5
46,0.008,1,1,16
46,0.008,1,1,16
46,0.008,1,1,14
46,0.008,1,1,11
46,0.008,1,1,12
46,0.008,1,1,12
46,0.008,1,1,13
46,0.008,1,1,16
46,0.008,1,1,15
46,0.008,1,1,13
46,0.008,1,1,15
46,0.008,1,1,16
46,0.008,1,1,15.5
46,0.008,1,1,18
46,0.008,1,1,17
46,0.008,1,1,11
46,0.008,1,1,16
46,0.008,1,0,15.5
46,0.008,1,1,15
46,0.008,1,1,17
46,0.008,1,1,15
46,0.008,1,1,14
46,0.008,1,1,11
46,0.008,1,1,16
46,0.008,1,1,13
46,0.008,1,1,12
46,0.008,1,1,13
46,0.008,1,1,16
46,0.008,0,1,15
46,0.008,0,1,11
46,0.009,1,1,15
46,0.009,1,1,16
46,0.009,1,1,17
46,0.009,1,1,9
46,0.009,1,1,10
46,0.009,1,1,11
46,0.009,1,1,11.5
46,0.009,1,1,14
46,0.009,1,1,11
46,0.009,1,1,12
46,0.009,1,1,8
46,0.009,1,1,18
46,0.009,1,1,15
46,0.009,1,1,18
46,0.009,1,1,9
46,0.009,1,1,16
46,0.009,0,1,11
46,0.009,0,1,15
46,0.009,1,1,18
46,0.009,1,1,14
46,0.009,1,1,13
46,0.009,1,1,8
46,0.009,1,1,9
46,0.009,1,1,12
46,0.009,1,1,18.5
46,0.009,1,1,14
46,0.009,1,1,9.5
46,0.009,1,1,8
46,0.009,1,1,9.5
46,0.009,1,1,10
46,0.009,0,1,11
46,0.009,1,1,17.5
46,0.009,1,1,18
46,0.01,0,1,21
46,0.01,1,1,18
46,0.01,1,1,19
46,0.01,0,1,14
46,0.01,1,1,18
46,0.01,1,1,15
46,0.01,1,1,16.5
46,0.01,1,1,18
46,0.01,0,1,10.5
46,0.01,1,1,17
46,0.01,1,1,11.5
46,0.01,0,1,17
46,0.01,1,1,16
46,0.01,1,1,17.5
46,0.01,1,1,17
46,0.01,1,1,17.5
46,0.01,1,1,19
46,0.01,1,1,19
46,0.01,1,1,16
46,0.01,1,1,22
46,0.01,0,1,18
46,0.01,0,1,11
46,0.01,0,1,17
46,0.01,1,1,20
46,0.01,1,1,14.5
46,0.01,1,1,18
46,0.01,0,1,18
46,0.01,0,1,17
46,0.01,1,1,14.5
46,0.01,0,1,17
49,0.008,1,1,12.5
49,0.008,1,1,15.5
49,0.008,1,0,18
49,0.008,1,0,18
49,0.008,1,1,15
49,0.008,1,1,12
49,0.008,1,1,15
49,0.008,1,1,14.5
49,0.008,1,1,20
49,0.008,1,1,19
49,0.008,1,1,17
49,0.008,1,0,20
49,0.008,1,1,14
49,0.008,1,1,16
49,0.008,1,1,15
49,0.008,1,0,20
49,0.008,1,0,18
49,0.008,1,1,19
49,0.008,1,0,15
49,0.008,1,1,19
49,0.008,1,1,17
49,0.008,1,1,17
49,0.008,1,1,20
49,0.008,1,1,18
49,0.008,1,0,18
49,0.008,1,0,18
49,0.008,1,1,18
49,0.008,1,1,18
49,0.008,1,1,17
49,0.008,1,1,18
49,0.008,1,1,12
49,0.009,1,1,16
49,0.009,1,1,17
49,0.009,1,1,17
49,0.009,1,1,15
49,0.009,1,1,19
49,0.009,1,1,17
49,0.009,1,1,15.5
49,0.009,1,1,13
49,0.009,1,1,16.5
49,0.009,1,1,16
49,0.009,1,1,11
49,0.009,1,1,17
49,0.009,1,1,9
49,0.009,1,1,13
49,0.009,1,1,20
49,0.009,1,1,17
49,0.009,1,1,17
49,0.009,1,1,19
49,0.009,1,1,17
49,0.009,1,1,15
49,0.009,1,1,19
49,0.009,0,1,16.5
49,0.009,0,1,12
49,0.009,0,1,17.5
49,0.009,1,1,14
49,0.009,1,1,19
49,0.009,1,1,19
49,0.009,1,1,16.5
49,0.009,1,1,16.5
49,0.009,1,1,18
49,0.009,1,1,11
50,0.009,1,1,16
50,0.009,1,1,12.5
50,0.009,1,1,18.5
50,0.009,1,1,20
50,0.009,1,1,12
50,0.009,1,1,18
50,0.009,1,1,17
50,0.009,1,1,21
50,0.009,1,1,17
50,0.009,1,1,15
50,0.009,0,1,18
50,0.009,1,1,15.5
50,0.009,1,1,18
50,0.009,1,1,15.5
50,0.009,1,1,20
50,0.009,1,1,17
50,0.009,0,1,14
50,0.009,1,1,13
50,0.009,1,1,8.5
50,0.009,1,1,14
50,0.009,0,1,10
50,0.009,0,1,16
50,0.009,1,1,16
50,0.009,1,1,15
50,0.009,1,1,19
50,0.009,1,1,15
50,0.009,1,1,18
50,0.008,1,1,10
50,0.008,1,1,16
50,0.008,1,1,20
50,0.008,1,1,21
50,0.008,1,1,19
50,0.008,1,1,16
50,0.008,1,1,21
50,0.008,1,1,15
50,0.008,1,1,13
50,0.008,1,1,19
50,0.008,1,1,11.5
50,0.008,1,1,16
50,0.008,1,1,12
50,0.008,1,1,16.5
50,0.008,0,1,16
50,0.008,1,0,19
50,0.008,1,0,15
50,0.008,1,1,17
50,0.008,1,1,17
50,0.008,1,1,18
50,0.008,1,0,19
50,0.008,1,1,16
50,0.008,1,1,19
50,0.008,1,1,20
50,0.008,0,1,15
50,0.01,0,1,11
50,0.01,0,1,10
50,0.01,0,1,20
50,0.01,1,1,12.5
50,0.01,1,1,7
50,0.01,0,1,17
50,0.01,0,1,16
50,0.01,0,1,16
50,0.01,0,1,10
50,0.01,0,1,15
50,0.01,0,1,16
50,0.01,0,1,11
50,0.01,0,1,12
50,0.01,0,1,18
50,0.01,0,1,16
50,0.01,0,1,11.5
50,0.01,0,1,19
50,0.01,0,1,11
50,0.01,0,1,14.5
50,0.01,0,1,17.5
50,0.01,0,1,16
50,0.01,0,1,13
50,0.01,0,1,21
50,0.01,0,1,20
50,0.01,0,1,13
50,0.01,0,1,14
50,0.01,0,1,11
50,0.01,0,1,19
50,0.01,0,1,11.5
50,0.01,1,1,13.5
50,0.01,0,1,13
50,0.01,0,1,17
50,0.01,0,1,14
50,0.01,0,1,15
50,0.01,0,1,15
56,0.009,1,1,20
56,0.009,1,1,21
56,0.009,1,1,19.5
56,0.009,1,1,20
56,0.009,1,1,18
56,0.009,1,1,16
56,0.009,1,1,19
56,0.009,1,1,22
56,0.009,1,1,20
56,0.009,1,1,21
56,0.009,1,1,15
56,0.009,1,1,18
56,0.009,1,1,17
56,0.009,1,1,15
56,0.009,1,1,19
56,0.009,1,1,19
56,0.009,1,1,15
56,0.009,1,1,20
56,0.009,1,1,20
56,0.009,1,1,19
56,0.009,1,1,16
56,0.009,1,1,20
56,0.009,1,1,20
56,0.009,1,1,19
56,0.009,1,1,19
56,0.01,1,1,11
56,0.01,1,1,17.5
56,0.01,1,1,14
56,0.01,1,1,21
56,0.01,1,1,14
56,0.01,0,1,11
56,0.01,1,1,22
56,0.01,1,1,21
56,0.01,1,1,18
56,0.01,1,1,21
56,0.01,1,1,13
56,0.01,1,1,15
56,0.01,1,1,14
56,0.01,1,1,16
56,0.01,1,1,14.5
56,0.01,1,1,22
56,0.01,1,1,20
56,0.01,1,1,15
56,0.01,1,1,17
56,0.01,1,1,17
56,0.01,1,1,12.5
56,0.01,1,1,18
56,0.01,1,1,13
56,0.01,1,1,14
56,0.01,1,1,18
56,0.01,1,1,18
56,0.01,0,1,10
56,0.01,0,1,11
56,0.01,1,1,15
56,0.01,1,1,16
56,0.01,1,1,17
56,0.01,1,1,18
56,0.01,1,1,16
56,0.01,1,1,15
56,0.01,1,1,16
56,0.01,1,1,13
56,0.01,1,1,15
56,0.01,1,1,18
22,0.01,1,1,4
22,0.01,1,1,4
22,0.01,1,1,4
22,0.01,1,1,5
22,0.01,1,1,5.5
22,0.01,1,1,5
22,0.01,1,1,5
22,0.01,1,1,6
22,0.01,1,1,6.5
22,0.01,1,1,5
22,0.01,0,1,7
22,0.01,1,1,6
22,0.01,0,1,7
22,0.009,1,1,6
22,0.009,1,1,6.5
22,0.009,1,1,6.5
22,0.009,1,1,3.5
22,0.009,1,1,5
22,0.009,1,1,5
22,0.009,1,1,5
22,0.009,1,1,4
22,0.009,1,1,5
22,0.009,1,1,6
22,0.009,1,1,6
22,0.009,1,1,5
22,0.009,1,1,6
22,0.009,1,1,4
22,0.009,1,1,7
22,0.009,1,1,6
54,0.009,0,1,12
54,0.009,0,1,15
54,0.009,1,1,14.5
54,0.009,1,1,18
54,0.009,1,1,16
54,0.009,1,1,20
54,0.009,0,1,11
54,0.009,1,1,20
54,0.009,1,1,12.5
54,0.009,1,1,13.5
54,0.009,1,1,19
54,0.009,1,1,16
54,0.009,1,1,13
54,0.009,1,1,20
54,0.009,1,1,13
54,0.009,0,1,11
54,0.009,1,1,18
54,0.009,1,1,20
54,0.009,1,1,19
54,0.009,0,1,15.5
54,0.009,0,1,14
54,0.009,0,1,16
54,0.009,0,1,15
54,0.009,1,1,20
54,0.009,1,1,16
54,0.009,1,1,19
54,0.009,1,1,17
54,0.009,1,1,17
54,0.009,0,1,11
54,0.01,1,1,23
54,0.01,0,1,20
54,0.01,0,1,16
54,0.01,1,1,19
54,0.01,0,1,20
54,0.01,0,1,13
54,0.01,0,1,15
54,0.01,0,1,14
54,0.01,0,1,10
54,0.01,1,1,19
54,0.01,1,1,19
54,0.01,0,1,19
54,0.01,0,1,20
54,0.01,0,1,20
54,0.01,0,1,20
54,0.01,0,1,18
54,0.01,1,1,18
54,0.01,1,1,12
54,0.01,1,1,18
54,0.01,1,1,19
54,0.01,0,1,21
54,0.01,0,1,12
54,0.01,0,1,20
54,0.01,1,1,19
54,0.01,1,1,19
54,0.01,0,1,16
54,0.01,0,1,21
54,0.01,1,1,16
54,0.01,1,1,20
50,0.01,1,1,21
50,0.008,1,1,14
62,0.009,0,1,15.5
62,0.009,1,1,18
62,0.009,0,1,20
62,0.009,0,1,16
62,0.009,1,1,16
62,0.009,1,1,18
62,0.009,1,1,14
62,0.009,1,1,20
62,0.009,1,1,21
62,0.009,1,1,20
62,0.009,0,1,16
62,0.009,1,1,21
62,0.009,0,1,17
62,0.009,1,1,21
62,0.009,1,1,20
62,0.009,1,1,22
62,0.009,1,1,21
62,0.009,1,1,21
62,0.009,1,1,21
62,0.009,1,1,17
62,0.009,0,1,19.5
62,0.009,1,1,20
62,0.009,1,1,22
62,0.009,1,1,21
62,0.009,0,1,19
62,0.009,1,1,18
62,0.009,1,1,18.5
62,0.009,1,1,18.5
62,0.008,1,1,18
62,0.008,1,0,22
62,0.008,1,1,19
62,0.008,1,0,20
62,0.008,1,1,18
62,0.008,1,1,17
62,0.008,1,1,18.5
62,0.008,1,1,15
62,0.008,1,1,20
62,0.008,1,0,15
62,0.008,1,0,20
62,0.008,1,1,16
62,0.008,1,0,16
62,0.008,1,1,15
62,0.008,1,0,18
62,0.008,1,1,22
62,0.008,1,1,19
62,0.008,1,1,19
62,0.008,1,1,19
62,0.008,1,1,18
73,0.01,1,1,21
73,0.01,1,1,20
73,0.01,1,1,23
73,0.01,0,1,18
73,0.01,1,1,23
73,0.01,1,1,25
73,0.01,1,1,19
73,0.01,1,1,23
73,0.01,1,1,22
73,0.01,1,1,20
73,0.01,1,1,25
73,0.01,1,1,22
73,0.01,1,1,23
73,0.01,1,1,20
73,0.01,1,1,21
73,0.01,0,1,15
73,0.01,0,1,18
73,0.01,1,1,25
73,0.01,0,1,17
73,0.01,1,1,20
73,0.01,1,1,20
73,0.01,0,1,16.5
73,0.01,1,1,22
70,0.009,1,1,15
70,0.009,1,1,12
70,0.009,1,1,15
70,0.009,1,1,21
70,0.009,1,1,12
70,0.009,1,1,19
70,0.009,1,1,12
70,0.009,1,1,20
70,0.009,1,1,17
70,0.009,1,1,17
70,0.009,1,1,18
70,0.009,1,1,18
70,0.009,1,1,16
70,0.009,1,1,19
70,0.009,1,1,18
70,0.009,1,1,12
70,0.009,1,1,15
70,0.009,0,1,19
70,0.009,1,1,19
70,0.009,1,1,23
70,0.009,1,1,20
70,0.009,1,1,19
70,0.009,1,1,15
62,0.008,1,1,18
62,0.008,1,0,21
77,0.008,1,1,21
77,0.008,1,1,20
77,0.008,1,0,19
77,0.008,1,1,24
77,0.008,1,1,18
77,0.008,1,1,20
77,0.008,1,0,25
77,0.008,1,0,22
77,0.008,1,0,24
77,0.008,1,1,21
77,0.008,1,1,23
77,0.008,1,1,23
77,0.008,1,1,22
77,0.008,1,1,22
77,0.008,1,1,21
73,0.01,1,1,26
73,0.01,1,1,21
73,0.01,0,1,14
73,0.01,1,1,21
73,0.01,1,1,25
73,0.01,1,1,25
73,0.01,1,1,22
73,0.01,0,1,13
73,0.01,0,1,14
73,0.01,1,1,24
73,0.01,0,1,15
73,0.01,1,1,22
73,0.01,1,1,19
73,0.01,0,1,20
73,0.01,0,1,25
73,0.01,1,1,20
73,0.01,0,1,24
73,0.01,1,1,26
73,0.01,1,1,24
73,0.01,1,1,19
73,0.01,1,1,16
55,0.01,1,1,23
55,0.01,1,1,20
55,0.01,0,1,16
55,0.01,1,1,19
55,0.01,0,1,20
55,0.01,0,1,13
55,0.01,0,1,15
55,0.01,0,1,14
55,0.01,0,1,10
55,0.01,1,1,19
55,0.01,1,1,19
55,0.01,0,1,20
55,0.01,0,1,20
55,0.01,0,1,20
55,0.01,0,1,18
55,0.01,1,1,18
55,0.01,0,1,12
55,0.01,1,1,18
55,0.01,0,1,19
55,0.01,0,1,21
55,0.01,1,1,12
55,0.01,0,1,20
55,0.01,1,1,19
55,0.01,1,1,19
55,0.01,0,1,16
55,0.01,0,1,21
55,0.01,0,1,16
55,0.01,0,1,20
77,0.008,1,1,20
77,0.008,1,1,21
49,0.009,1,1,12.5
77,0.01,0,1,20
77,0.01,1,1,24
77,0.01,1,1,25
77,0.01,0,1,20
77,0.01,1,1,18
77,0.01,1,1,21
77,0.01,1,1,22
77,0.01,0,1,21
77,0.01,0,1,22.5
77,0.01,1,1,23
77,0.01,0,1,23
77,0.01,0,0,22
77,0.01,1,1,23.5
77,0.01,1,0,22
77,0.01,0,1,19
77,0.01,1,0,21
77,0.01,0,1,22
77,0.01,1,1,23
77,0.01,1,0,20
77,0.01,1,1,23
77,0.01,0,1,23
77,0.01,1,1,19.5
77,0.01,0,1,21
77,0.01,1,1,23
77,0.01,1,0,20
77,0.01,1,0,20
77,0.01,1,1,23.5
77,0.01,1,1,23
77,0.01,1,1,21
77,0.009,1,1,19
77,0.009,1,1,21
77,0.009,0,1,20
77,0.009,1,1,22
77,0.009,1,1,21
77,0.009,1,1,23
77,0.009,0,1,23
77,0.009,1,1,27
77,0.009,1,1,22
77,0.009,0,1,17
77,0.009,1,1,21
77,0.009,1,1,24
77,0.009,1,1,22
77,0.009,1,1,23.5
77,0.009,1,1,18
77,0.009,1,1,18
77,0.009,1,1,22
77,0.009,1,1,23
77,0.009,1,1,25
77,0.009,1,1,20
77,0.009,1,1,22
77,0.009,1,1,22
77,0.009,1,1,21
77,0.009,1,1,23
77,0.009,1,1,21
77,0.009,1,1,20
77,0.009,1,1,23
77,0.009,1,1,22
83,0.008,1,1,18
83,0.008,1,0,24
83,0.008,1,1,20
83,0.008,1,0,24
83,0.008,1,1,23
83,0.008,1,1,23
83,0.008,1,0,14
83,0.008,1,0,22
83,0.008,1,0,19
83,0.008,1,0,22
83,0.008,1,0,17
83,0.008,1,1,16.5
83,0.008,1,0,18
83,0.008,1,1,20
83,0.008,1,1,23
83,0.008,1,0,24
83,0.008,1,1,21
83,0.008,1,1,18
83,0.008,1,0,24
83,0.008,1,1,18
83,0.008,1,1,19
83,0.008,1,1,23
83,0.008,1,1,25
83,0.008,1,1,21
83,0.008,1,0,17
83,0.008,1,0,22
83,0.009,1,1,28
83,0.009,1,1,23
83,0.009,1,1,18
83,0.009,1,1,20
83,0.009,1,1,23
83,0.009,1,1,24
83,0.009,1,1,22
83,0.009,1,1,21
83,0.009,1,1,25
83,0.009,1,1,25
83,0.009,1,1,16
83,0.009,1,1,25
83,0.009,1,1,22
83,0.009,1,1,21.5
83,0.009,1,1,24
83,0.009,1,1,19
83,0.009,1,1,24
83,0.009,1,1,23
83,0.009,1,1,22
83,0.009,1,1,23
83,0.009,1,1,21
83,0.009,1,1,19
83,0.009,1,1,20
83,0.009,1,1,21.5
83,0.009,1,1,19
83,0.009,1,1,26
83,0.009,1,1,24
83,0.009,1,1,24
83,0.009,1,1,26
83,0.009,1,1,23
83,0.01,0,1,24
83,0.01,1,1,24.5
83,0.01,1,1,23
83,0.01,0,1,25
83,0.01,0,1,19
83,0.01,0,1,20
83,0.01,1,1,23
83,0.01,1,1,21
83,0.01,0,1,26
83,0.01,0,1,20
83,0.01,1,1,21
83,0.01,0,1,16.5
83,0.01,0,1,19
83,0.01,1,1,20
83,0.01,0,1,18
83,0.01,1,1,20
83,0.01,0,1,17
83,0.01,1,1,21
83,0.01,1,1,25
83,0.01,1,1,25
83,0.01,0,1,22
83,0.01,1,1,27
83,0.01,0,1,24
83,0.01,0,1,25
83,0.01,0,1,24
83,0.01,0,1,23
83,0.01,1,1,21
83,0.01,1,1,23
83,0.01,1,1,25
83,0.01,1,1,20
83,0.01,0,1,15
83,0.01,0,1,22
83,0.01,0,1,15
83,0.01,0,1,21
83,0.01,0,1,20
83,0.01,0,1,25
83,0.01,1,1,17
83,0.01,0,1,19
83,0.011,1,1,22
83,0.011,1,1,25
83,0.011,1,1,24
83,0.011,1,1,22
83,0.011,1,1,22
83,0.011,1,1,18
83,0.011,1,1,24
83,0.011,1,1,20
83,0.011,1,1,19
83,0.011,0,1,21
83,0.011,1,1,22
83,0.011,1,1,23
83,0.011,1,1,26.5
83,0.011,1,1,21
83,0.011,1,1,23
83,0.011,0,1,17
83,0.011,1,1,24
83,0.011,1,1,22
83,0.011,1,1,25
83,0.011,1,1,22
83,0.011,1,1,17
83,0.011,1,1,22
83,0.011,1,1,18
83,0.011,1,1,23
83,0.011,1,1,19
83,0.011,1,1,23
83,0.011,1,1,23
83,0.011,1,1,26
83,0.011,1,1,26
80,0.009,1,1,24
80,0.009,1,1,20
80,0.009,1,1,20
80,0.009,1,1,20
80,0.009,1,1,19
80,0.009,1,1,20
80,0.009,1,1,16
80,0.009,1,1,19
80,0.009,1,1,23
80,0.009,1,1,19
80,0.009,1,1,22
80,0.009,1,1,24
80,0.009,1,1,21
80,0.009,1,1,14
80,0.009,1,1,21
80,0.009,1,1,20
80,0.009,1,1,22
80,0.009,1,1,18
80,0.009,1,1,18
80,0.009,1,1,22
80,0.009,1,1,17
80,0.009,1,1,16
80,0.009,1,1,19
80,0.009,1,1,15
80,0.009,1,1,21
80,0.009,1,1,19
80,0.009,1,1,23
80,0.009,1,1,24
80,0.009,1,1,18
80,0.009,1,1,16
80,0.009,1,1,18
80,0.009,1,1,16
80,0.009,1,1,16
80,0.009,1,1,17
80,0.01,1,1,20
80,0.01,1,1,18
80,0.01,1,1,18
80,0.01,1,1,20
80,0.01,1,1,23
80,0.01,0,1,14
80,0.01,1,1,21
80,0.01,1,1,21
80,0.01,0,1,17
80,0.01,0,1,19
80,0.01,0,1,16
80,0.01,1,1,21
80,0.01,1,1,21
80,0.01,1,1,19.5
80,0.01,0,1,10
80,0.01,0,1,14
80,0.01,1,1,21
80,0.01,0,1,14
80,0.01,1,1,21
80,0.01,1,1,24
80,0.01,0,1,17
80,0.01,1,1,23
80,0.01,1,1,18
80,0.01,1,1,24
80,0.01,0,1,17
80,0.01,1,1,20
80,0.01,1,1,13
80,0.01,1,1,22
80,0.01,0,1,13
80,0.01,0,1,18.5
80,0.01,1,1,22
80,0.01,1,1,22
80,0.01,1,1,23
80,0.011,0,1,17
80,0.011,0,1,21
80,0.011,0,1,23
80,0.011,0,1,15
80,0.011,0,1,16.5
80,0.011,0,1,16
80,0.011,0,0,23
80,0.011,0,1,15.5
80,0.011,0,1,24
80,0.011,0,1,21
80,0.011,0,1,18
80,0.011,0,1,23
80,0.011,0,1,21
80,0.011,0,1,18
80,0.011,0,1,25
80,0.011,0,1,25
80,0.011,0,1,22
80,0.011,0,1,13
80,0.011,0,1,23
80,0.011,0,1,25
80,0.011,0,1,19
80,0.011,0,1,21
80,0.011,0,1,22
80,0.011,0,1,23
80,0.011,0,1,23
80,0.011,0,1,20
85,0.01,0,1,18
85,0.01,0,1,22
85,0.01,0,1,23
85,0.01,1,1,25
85,0.01,1,1,21
85,0.01,1,1,21
85,0.01,1,1,25
85,0.01,1,1,24
85,0.01,0,1,20
85,0.01,1,1,24
85,0.01,0,1,21
85,0.01,0,1,22
85,0.01,1,1,22
85,0.01,1,1,23
85,0.01,1,1,24
85,0.01,1,1,20
85,0.01,0,1,23
85,0.01,1,1,25
85,0.01,1,1,25
85,0.01,1,1,22
85,0.01,1,1,19
85,0.01,1,1,23
85,0.01,1,1,20
85,0.01,1,1,23
85,0.01,0,1,22
85,0.01,0,1,18
85,0.01,1,1,22
85,0.01,1,1,23
85,0.011,0,1,20
85,0.011,0,1,17
85,0.011,0,1,17
85,0.011,1,1,21
85,0.011,0,1,26
85,0.011,0,1,25
85,0.011,0,1,23
85,0.011,0,1,26
85,0.011,0,1,22
85,0.011,0,1,26
85,0.011,0,1,20
85,0.011,0,1,23
85,0.011,0,1,18
85,0.011,0,1,23
85,0.011,0,1,23
85,0.011,0,1,25
85,0.011,0,1,22
85,0.011,0,1,25
85,0.011,0,1,25
85,0.011,0,1,16
85,0.011,1,1,19
85,0.011,0,1,25
85,0.011,1,1,24
85,0.011,0,1,20
85,0.011,0,1,24
85,0.011,0,1,24
90,0.011,1,1,25
90,0.011,0,1,24
90,0.011,1,1,22
90,0.011,0,1,23
90,0.011,0,1,24
90,0.011,1,1,23
90,0.011,1,1,28
90,0.011,0,1,23
88,0.01,0,1,24
88,0.01,0,1,21
88,0.01,1,1,28
88,0.01,0,1,25
88,0.01,1,1,28
88,0.01,1,1,20
88,0.01,1,1,25
88,0.01,0,1,26
88,0.01,0,1,24
88,0.01,1,1,27
88,0.01,1,1,26
88,0.01,1,1,26
88,0.01,0,1,23
88,0.01,1,1,23
88,0.01,1,1,24
88,0.01,1,1,22
88,0.01,1,1,27
88,0.01,1,1,28
88,0.01,1,1,25
88,0.01,1,1,25
200,0.01,1,1,24
200,0.01,1,1,27
200,0.01,1,1,26
200,0.01,1,1,30
200,0.01,1,1,27
200,0.01,1,1,30
200,0.01,1,1,27
200,0.01,1,1,29
200,0.01,1,1,30
200,0.01,1,1,29
200,0.01,1,1,29
200,0.01,1,1,28
200,0.01,1,1,26
200,0.01,1,1,25
200,0.01,1,1,26
200,0.01,1,1,25
200,0.01,1,1,26
200,0.01,1,1,27
200,0.01,1,1,24
200,0.01,1,1,26
200,0.01,1,1,26
200,0.01,1,1,29
200,0.01,1,1,25
200,0.01,0,1,30
200,0.01,0,1,25
200,0.01,0,1,27
200,0.01,0,1,27
200,0.01,0,1,25
200,0.01,0,1,26
200,0.01,0,1,27
200,0.01,0,1,25
90,0.011,0,1,23
90,0.011,0,1,23
90,0.011,0,1,22
90,0.011,1,1,23
90,0.011,0,1,23
90,0.011,0,1,21
90,0.011,1,1,28
90,0.011,1,1,25
90,0.011,1,1,24
90,0.011,1,1,24
90,0.011,1,1,24
90,0.011,0,1,26
90,0.011,1,1,24
90,0.011,0,1,28
90,0.008,1,1,24
90,0.008,1,1,23
90,0.008,1,0,25
90,0.008,1,0,24
90,0.008,1,0,22
90,0.008,1,0,24
90,0.008,1,0,23
90,0.008,1,1,22
90,0.008,1,1,23
90,0.008,1,0,24
90,0.008,1,0,20
90,0.008,1,1,25
90,0.008,1,0,23
90,0.008,1,0,20
90,0.008,1,0,24
90,0.008,1,1,25
90,0.008,1,1,24
90,0.008,1,1,23
90,0.008,1,1,22
90,0.008,1,1,23
90,0.008,1,1,20
90,0.008,1,1,23
90,0.008,1,1,19
90,0.009,1,1,24
90,0.009,1,1,24
90,0.009,1,1,23
90,0.009,1,1,24
90,0.009,1,1,26
90,0.009,1,1,28
90,0.009,1,1,23
90,0.009,1,1,26
90,0.009,1,1,23
90,0.009,1,1,23
90,0.009,0,1,26
90,0.009,1,1,27
90,0.009,1,1,26
90,0.009,0,1,25
90,0.009,1,1,26
90,0.009,1,1,28
90,0.009,1,1,26
106,0.01,1,1,22
106,0.01,1,1,26
106,0.01,1,1,28
106,0.01,1,1,25
106,0.01,1,1,32
106,0.01,1,1,30
106,0.01,1,1,25
106,0.01,1,1,26
106,0.01,0,1,24
106,0.01,1,1,26
106,0.01,1,1,25
106,0.01,1,1,23
106,0.01,1,1,26
106,0.01,1,1,22
106,0.01,1,1,25
106,0.01,1,1,27
107,0.009,1,1,25
107,0.009,1,1,25
107,0.009,1,0,29
107,0.009,1,0,26
107,0.009,1,1,25
107,0.009,1,0,26
107,0.009,1,1,26
107,0.009,1,0,29
107,0.009,1,1,24
107,0.009,1,1,25
107,0.009,1,0,26
107,0.009,1,1,25
107,0.009,1,1,26
107,0.009,1,0,28
